{"EDELWEISS": 112735327302.44, "BANKBARODA": 1450256809478.76, "CENTRUM": 13183859655.83, "MOTILALOFS": 491372853919.25, "JMFINANCIL": 131395750139.27998, "GEOJITFSL": 18890985013.920002, "IIFL": 201281639718.80002, "CRISIL": 317311988269.8, "CARERATING": 48522903972.4, "MCX": 726917692449.0, "BSE": 1434244835425.5, "ICRA": 52691466064.0, "MFSL": 580897182547.2001, "SUNDARMFIN": 554239290292.8, "BAJAJFINSV": 2937637518329.5, "ABCAPITAL": 892589272400.3999, "ICICIGI": 943071599666.7999, "NIACL": 275776320000.0, "GICRE": 702461760000.0, "MUTHOOTFIN": 1434573089223.8, "PFC": 1534052303136.0, "IFCI": 165114417341.71, "MASFIN": 57547938515.549995, "M&MFIN": 415940330601.75006, "CANFINHOME": 115870563525.5, "REPCOHOME": 25027672868.100002, "RECLTD": 983120269139.8, "PFS": 20508106886.55, "BAJFINANCE": 5645995816723.5, "SATIN": 19301797454.31, "HUDCO": 394194129000.0, "CREDITACC": 202508934134.4, "LICHSGFIN": 297034020000.0, "CGCL": 175237101099.06, "RELIGARE": 74367733008.6, "MANAPPURAM": 252587477827.8, "CUB": 191583574146.96, "AXISBANK": 4224680563439.3, "DCBBANK": 61123616831.520004, "YESBANK": 633901257756.6901, "FEDERALBNK": 723785285768.75, "HDFCBANK": 12313069283523.799, "ICICIBANK": 9644702065726.0, "DHANBANK": 10647464549.4, "RBLBANK": 195118861623.85, "SOUTHBANK": 101901918502.72, "J&KBANK": 144530198268.75, "KARURVYSYA": 268285088739.85, "INDUSINDBK": 665278691958.7999, "KOTAKBANK": 3815091105210.0, "QUICKHEAL": 9361686086.0, "63MOONS": 76334778781.8, "HCLTECH": 3902362519981.1997, "TANLA": 64910449557.9, "OFSS": 695628300502.5, "AURIONPRO": 50940002778.0, "MASTEK": 54121355640.0, "MEGASOFT": 333004922597.5, "INFY": 5336302774134.101, "FSL": 165389062791.12, "NAUKRI": 682821504638.0, "JUSTDIAL": 46749047952.9, "HCL-INSYS": 4276436964.7200003, "ZENTEC": 145375475659.0, "MPHASIS": 469458002478.39996, "NIITLTD": 9822358323.18, "NUCLEUS": 21423534022.8, "TEJASNET": 75308215871.0, "INFIBEAM": 59036050212.1, "SONATSOFTW": 77596561439.45999, "VAKRANGEE": 7983123617.59, "TATAELXSI": 286097516677.5, "PERSISTENT": 851646966940.5, "TECHM": 1339202620516.2002, "TCS": 9340092927717.0, "ECLERX": 152002419411.9, "ACCELYA": 17960403976.2, "CYIENT": 106251954183.2, "WIPRO": 2140580853857.28, "TIMETECHNO": 96451416702.81, "NESTLEIND": 2479040889792.0, "ASTRAL": 431183513220.0, "DIXON": 690370189897.5, "APEX": 14589062500.0, "PCJEWELLER": 93026923910.9, "TREEHOUSE": 351179009.20000005, "KOHINOOR": 947548306.8, "SUPREMEIND": 471346359110.0, "KRBL": 80351796586.6, "GODREJAGRO": 118530243262.5, "PARAGMILK": 27832174916.399998, "VBL": 1602774533316.5999, "TRENT": 1460235843549.7, "ASIANPAINT": 2361976377376.0, "RAJESHEXPO": 37327007921.44, "SIMBHALS": 377585921.94, "FCONSUMER": 659021432.52, "KANSAINER": 164230408663.57, "SAKHTISUG": 2183967418.3, "PIDILITIND": 1418155547092.6, "CCL": 145106289026.40002, "TEAMLEASE": 20765651031.600002, "TTKPRESTIG": 67811279727.6, "EVEREADY": 21947918157.0, "IFBAGRO": 8098335815.049999, "FLFL": 276028031.62483037, "ZEELEARN": 1605923868.2099998, "IFBIND": 45319854174.4, "WHIRLPOOL": 112933719421.79999, "EMAMILTD": 197360316756.90002, "BRITANNIA": 1381500111708.0, "VIPIND": 45499206273.8, "GODREJCP": 1135187538161.4001, "KAYA": 4436604341.08, "SOMANYCERA": 18103052568.399998, "3MINDIA": 353835848700.0, "COLPAL": 572801747310.0, "APOLLOHOSP": 1106998074243.0, "SHOPERSTOP": 32914069638.1, "ITC": 3844040853577.6, "GILLETTE": 258710330371.5, "AMRUTANJAN": 15817014331.3, "DABUR": 785478692670.2001, "SUNDARAM": 691861548.5799999, "VENKEYS": 22398864240.0, "BATAINDIA": 97340332419.0, "JAYSREETEA": 2575294379.84, "MARICO": 980955505963.7, "GULFOILLUB": 48067201662.9, "CASTROLIND": 180287336931.68002, "JISLJALEQS": 24212853188.51, "APTECHT": 5349019783.74, "TRIVENI": 86060033727.09999, "DHAMPURSUG": 9161748337.23, "BAJAJHIND": 44305329899.880005, "EIDPARRY": 153990689802.94998, "THOMASCOOK": 51667865919.99, "VSTIND": 44900247477.799995, "DCMSHRIRAM": 190107563955.9, "MTEDUCARE": 107619800.46, "BALRAMCHIN": 98147911896.0, "KAJARIACER": 187678502921.5, "RENUKA": 59959556905.41, "AVANTIFEED": 200730686679.0, "MHRIL": 55156510323.32, "UBL": 394915530546.39996, "CROMPTON": 170883159451.19998, "TI": 116170287750.0, "SPECIALITY": 4968426159.360001, "DMART": 3021999516971.0, "MCLEODRUSS": 5582757555.38, "DELTACORP": 16242293987.84, "EDUCOMP": 128590526.4, "HERITGFOOD": 33383361000.0, "MIRZAINT": 4676752296.0, "KOKUYOCMLN": 8953117723.560001, "RELAXO": 76929491231.57999, "MURUDCERA": 2019184421.0, "HINDUNILVR": 5265728817705.601, "PGHH": 324769663680.0, "BERGEPAINT": 547712921698.80005, "TFCILTD": 33815857609.600002, "FRETAIL": 1236407700.12, "HARRMALAYA": 3843787775.3999996, "FEL": 413267577.46, "JUBLFOOD": 301842213052.5, "JYOTHYLAB": 87521906551.74, "RADICO": 427006851169.5, "AKZOINDIA": 135550744621.0, "NAVNETEDUL": 35190748902.96, "TBZ": 10000918019.4, "DIAMONDYD": 23282053804.0, "BUTTERFLY": 11148794026.05, "RAJSREESUG": 1169686891.8, "CENTURYPLY": 169329144328.5, "FORTIS": 672063743349.6, "TITAN": 4014678142233.9995, "NILKAMAL": 19696055388.0, "ZYDUSWELL": 158840022040.0, "AUROPHARMA": 804991049478.0, "ASTRAZEN": 212662500000.0, "NH": 370880608693.5, "LALPATHLAB": 234113507895.4, "ALKEM": 667411830000.0, "PANACEABIO": 21973705127.5, "SPARC": 48032438605.23967, "DIVISLAB": 1653603784820.0, "DRREDDY": 1028837359884.4568, "GLAXO": 415705466832.60004, "INDOCO": 20265182331.987213, "CIPLA": 1002296727987.3113, "IPCALAB": 373865982157.66406, "NATCOPHARM": 200549312693.40088, "BLISSGVS": 27335219165.68387, "LAURUSLABS": 613289866131.25, "SEQUENT": 84408110152.60748, "LUPIN": 1063444374743.4976, "WANBURY": 9117310662.753296, "ABBOTINDIA": 547913252070.0, "GRANULES": 162480444124.56476, "THYROCARE": 61920445966.35, "UNICHEMLAB": 24726500259.44519, "HCG": 84408000466.05, "APLLTD": 154252911559.0, "PFIZER": 226940774132.4, "STAR": 92195758178.75, "AJANTPHARM": 348765334224.2534, "JBCHEPHARM": 320796294588.0, "SHILPAMED": 80296112171.32666, "VIMTALABS": 21417415707.75, "MARKSANS": 81220536259.4556, "BIOCON": 579882566318.6143, "GLENMARK": 634810719845.5, "SUNPHARMA": 4020085742235.0, "TORNTPHARM": 1414532716480.0, "MOREPENLAB": 22959260824.21099, "WOCKPHARMA": 226725331339.88794, "ATULAUTO": 12954297504.0, "ASHOKLEY": 1026632298598.56, "MAHSCOOTER": 150067841976.0, "BAJAJHLDNG": 1152499942805.0, "EICHERMOT": 1972181969658.0, "HEROMOTOCO": 1046569583829.0, "HINDMOTORS": 4317160883.606085, "BAJAJ-AUTO": 2729274592181.5, "TVSMOTOR": 1775350232221.6, "M&M": 3841753019357.8, "MARUTI": 4229657828022.0, "ESCORTS": 362532358525.0, "GRAPHITE": 132781821175.20001, "HEG": 122154776490.0, "CARBORUNIV": 179093852030.80002, "POLYPLEX": 27741518669.4, "GRINDWELL": 174483648000.0, "TEXRAIL": 43131713277.72, "TEXINFRA": 12955461405.300001, "KEI": 462639959383.5, "DYNAMATECH": 70159210290.0, "INGERRAND": 130032354978.80002, "WABAG": 86579182252.5, "CGPOWER": 1220248983725.2, "BEML": 147621423600.0, "LOKESHMACH": 5506202687.32, "VOLTAS": 476507114074.0, "HAVELLS": 819448338388.8, "ABB": 1489696363824.0, "CUMMINSIND": 1425057480000.0, "KECL": 9234451959.310001, "KIRLOSBROS": 140101168141.8, "BBL": 31130187365.199997, "SHANTIGEAR": 36244447940.700005, "PRAJIND": 64500012579.2, "JYOTISTRUC": 15732437969.66, "TIL": 14533327728.480001, "WALCHANNAG": 13099209665.619999, "LT": 5634727013459.001, "VSTTILLERS": 45634624596.0, "INDOTECH": 19602396000.0, "MBECL": 2180000043.6000004, "KIRLOSENG": 235250098020.0, "TRF": 2969980754.68, "GREAVESCOT": 37601280287.200005, "BHEL": 1103082850230.45, "EKC": 13426143266.34, "FINCABLES": 143847100939.75, "BEL": 3382600153119.75, "IONEXCHANG": 49316153535.25, "THERMAX": 466522245274.6, "ENGINERSIN": 136009897506.6, "ELECON": 92621071107.5, "SADBHAV": 1791199152.0, "ESABINDIA": 88014209756.0, "AIAENG": 369688645755.0, "PREMIER": 99279046.9, "SIEMENS": 1320459220489.5, "VOLTAMP": 102638182400.0, "PETRONET": 409830024043.36005, "ONGC": 3573428308464.3003, "HINDPETRO": 789102980429.4501, "HINDOILEXP": 20938079947.370003, "OIL": 764668322549.1001,